DROP DATABASE velodb;
CREATE DATABASE IF NOT EXISTS velodb;
USE velodb;

-- Table Brand
CREATE TABLE brand (
    name VARCHAR(50) NOT NULL,
    waranty_duration INT NOT NULL,
    PRIMARY KEY (name)
);

-- Table Localite
CREATE TABLE localite (
    postal_code INT NOT NULL,
    name VARCHAR(50) NOT NULL,
    PRIMARY KEY (postal_code, name)
);

-- Table Station
CREATE TABLE station (
    station_number INT NOT NULL,
    name VARCHAR(50) NOT NULL,
    street VARCHAR(50) NOT NULL,
    street_number INT NOT NULL,
    postal_code INT NOT NULL,
    local_name VARCHAR(50) NOT NULL,
    PRIMARY KEY (station_number),
    FOREIGN KEY (postal_code, local_name) REFERENCES localite(postal_code, name)
);

-- Table Bike
CREATE TABLE bike (
    serial_number INT NOT NULL auto_increment,
    is_electric BOOLEAN NOT NULL,
    buying_date DATE NOT NULL,
    battery_level FLOAT,
    nb_kilometer INT,
    station_id INT NOT NULL,
    brand_name VARCHAR(50) NOT NULL,
    PRIMARY KEY (serial_number),
    FOREIGN KEY (brand_name) REFERENCES brand(name) ON DELETE CASCADE,
    FOREIGN KEY (station_id) REFERENCES station(station_number) ON DELETE CASCADE
);

-- Table Subscription
CREATE TABLE subscription (
    card_number INT NOT NULL,
    price FLOAT NOT NULL,
    date DATE NOT NULL,
    caution_paid BOOLEAN NOT NULL,
    subscription_paid BOOLEAN NOT NULL,
    PRIMARY KEY (card_number)
);

-- Table Member
CREATE TABLE member (
    national_number VARCHAR(50) NOT NULL,
    first_name VARCHAR(50) NOT NULL,
    last_name VARCHAR(50) NOT NULL,
    email VARCHAR(50) NOT NULL,
    phone_number INT NOT NULL,
    got_discount BOOLEAN NOT NULL,
    street VARCHAR(50) NOT NULL,
    street_number INT NOT NULL,
    sub_id INT NOT NULL,
    postal_code INT NOT NULL,
    name VARCHAR(50) NOT NULL,
    PRIMARY KEY (national_number),
    FOREIGN KEY (sub_id) REFERENCES subscription(card_number),
    FOREIGN KEY (postal_code, name) REFERENCES localite(postal_code, name)
);

-- Table Rental
CREATE TABLE rental (
    id INT NOT NULL,
    start_date DATE NOT NULL,
    return_date DATE,
    comment TEXT,
    had_issue BOOLEAN NOT NULL,
    bike_id INT NOT NULL,
    sub_id INT NOT NULL,
    PRIMARY KEY (id),
    FOREIGN KEY (bike_id) REFERENCES bike(serial_number) ON DELETE CASCADE,
    FOREIGN KEY (sub_id) REFERENCES subscription(card_number) ON DELETE CASCADE
);

-- Table RepairStatus
CREATE TABLE repair_status (
    libelle VARCHAR(50) NOT NULL,
    PRIMARY KEY (libelle)
);

-- Table Mechanic
CREATE TABLE mechanic (
                          badge_id INT NOT NULL,
                          first_name VARCHAR(50) NOT NULL,
                          last_name VARCHAR(50) NOT NULL,
                          email VARCHAR(50) NOT NULL,
                          phone_number INT NOT NULL,
                          PRIMARY KEY (badge_id)
);

-- Table Repair
CREATE TABLE repair (
    id INT NOT NULL AUTO_INCREMENT,
    cost DECIMAL(18, 2) NOT NULL,
    date DATE NOT NULL,
    libelle VARCHAR(50) NOT NULL,
    serial_number INT NOT NULL,
    mechanic_id INT NOT NULL,
    PRIMARY KEY (id),
    FOREIGN KEY (serial_number) REFERENCES bike(serial_number) ON DELETE CASCADE,
    FOREIGN KEY (libelle) REFERENCES repair_status(libelle) ON DELETE CASCADE,
    FOREIGN KEY (mechanic_id) REFERENCES mechanic(badge_id) ON DELETE CASCADE
);

INSERT INTO brand VALUES
('Decathlon', 24),
('Btwin', 18),
('Giant', 36),
('Trek', 30),
('Specialized', 36),
('Cannondale', 24),
('Scott', 30),
('Cube', 24),
('Merida', 30),
('Orbea', 36);

INSERT INTO localite VALUES
(1000, 'Bruxelles'),
(1020, 'Laeken'),
(1030, 'Schaerbeek'),
(1040, 'Etterbeek'),
(1050, 'Ixelles'),
(1060, 'Saint-Gilles'),
(1070, 'Anderlecht'),
(1080, 'Molenbeek'),
(1081, 'Koekelberg'),
(1090, 'Jette');

INSERT INTO station VALUES
(1, 'Station 1', 'Rue 1', 96, 1020, 'Laeken'),
(2, 'Station 2', 'Rue 2', 157, 1030, 'Schaerbeek'),
(3, 'Station 3', 'Rue 3', 166, 1020, 'Laeken'),
(4, 'Station 4', 'Rue 4', 26, 1070, 'Anderlecht'),
(5, 'Station 5', 'Rue 5', 121, 1020, 'Laeken'),
(6, 'Station 6', 'Rue 6', 140, 1081, 'Koekelberg'),
(7, 'Station 7', 'Rue 7', 143, 1020, 'Laeken'),
(8, 'Station 8', 'Rue 8', 15, 1060, 'Saint-Gilles'),
(9, 'Station 9', 'Rue 9', 77, 1050, 'Ixelles'),
(10, 'Station 10', 'Rue 10', 77, 1060, 'Saint-Gilles'),
(11, 'Station 11', 'Rue 11', 19, 1020, 'Laeken'),
(12, 'Station 12', 'Rue 12', 96, 1060, 'Saint-Gilles'),
(13, 'Station 13', 'Rue 13', 167, 1060, 'Saint-Gilles'),
(14, 'Station 14', 'Rue 14', 52, 1040, 'Etterbeek'),
(15, 'Station 15', 'Rue 15', 59, 1060, 'Saint-Gilles'),
(16, 'Station 16', 'Rue 16', 65, 1040, 'Etterbeek'),
(17, 'Station 17', 'Rue 17', 104, 1060, 'Saint-Gilles'),
(18, 'Station 18', 'Rue 18', 22, 1040, 'Etterbeek'),
(19, 'Station 19', 'Rue 19', 9, 1050, 'Ixelles'),
(20, 'Station 20', 'Rue 20', 45, 1060, 'Saint-Gilles'),
(21, 'Station 21', 'Rue 21', 103, 1070, 'Anderlecht'),
(22, 'Station 22', 'Rue 22', 127, 1081, 'Koekelberg'),
(23, 'Station 23', 'Rue 23', 170, 1081, 'Koekelberg'),
(24, 'Station 24', 'Rue 24', 85, 1000, 'Bruxelles'),
(25, 'Station 25', 'Rue 25', 158, 1081, 'Koekelberg');

INSERT INTO bike VALUES
(1, FALSE, '2021-10-23', NULL, 6982, 15, 'Cannondale'),
(2, TRUE, '2022-11-03', 30.36, 4971, 18, 'Merida'),
(3, FALSE, '2023-02-02', NULL, 5463, 15, 'Merida'),
(4, FALSE, '2024-12-10', NULL, 9166, 20, 'Merida'),
(5, TRUE, '2020-11-25', 54.29, 5354, 22, 'Cannondale'),
(6, FALSE, '2021-04-23', NULL, 8831, 5, 'Trek'),
(7, TRUE, '2022-04-06', 23.04, 2885, 10, 'Decathlon'),
(8, FALSE, '2023-05-04', NULL, 1030, 3, 'Scott'),
(9, FALSE, '2024-11-28', NULL, 7205, 20, 'Cannondale'),
(10, FALSE, '2020-12-21', NULL, 8863, 20, 'Orbea'),
(11, TRUE, '2021-04-11', 73.63, 8125, 8, 'Btwin'),
(12, FALSE, '2022-11-21', NULL, 4613, 6, 'Orbea'),
(13, FALSE, '2023-02-20', NULL, 6983, 4, 'Cannondale'),
(14, TRUE, '2024-01-28', 51.63, 7697, 2, 'Btwin'),
(15, FALSE, '2020-03-20', NULL, 3738, 5, 'Trek'),
(16, FALSE, '2021-09-28', NULL, 3543, 20, 'Scott'),
(17, TRUE, '2022-09-15', 51.14, 9177, 21, 'Cannondale'),
(18, TRUE, '2023-06-19', 7.93, 8827, 21, 'Orbea'),
(19, FALSE, '2024-02-04', NULL, 4534, 13, 'Cannondale'),
(20, FALSE, '2020-06-08', NULL, 1217, 7, 'Scott'),
(21, TRUE, '2021-08-09', 69.65, 4134, 1, 'Cube'),
(22, TRUE, '2022-04-25', 3.57, 4162, 11, 'Cube'),
(23, TRUE, '2023-12-11', 93.84, 7531, 5, 'Merida'),
(24, FALSE, '2024-02-15', NULL, 9191, 5, 'Decathlon'),
(25, FALSE, '2020-01-27', NULL, 63, 23, 'Scott'),
(26, FALSE, '2021-10-02', NULL, 4372, 6, 'Giant'),
(27, TRUE, '2022-10-01', 87.44, 7242, 20, 'Decathlon'),
(28, TRUE, '2023-12-11', 62.39, 2596, 23, 'Btwin'),
(29, FALSE, '2024-03-14', NULL, 1534, 7, 'Giant'),
(30, TRUE, '2020-03-18', 57.37, 3254, 14, 'Orbea'),
(31, FALSE, '2021-10-04', NULL, 7592, 17, 'Giant'),
(32, TRUE, '2022-02-14', 13.02, 6062, 18, 'Merida'),
(33, TRUE, '2023-02-24', 41.81, 6135, 3, 'Merida'),
(34, FALSE, '2024-06-17', NULL, 5957, 2, 'Orbea'),
(35, TRUE, '2020-07-03', 34.81, 8628, 15, 'Decathlon'),
(36, FALSE, '2021-10-19', NULL, 7230, 10, 'Cube'),
(37, FALSE, '2022-11-20', NULL, 8229, 22, 'Specialized'),
(38, FALSE, '2023-10-10', NULL, 4882, 2, 'Cannondale'),
(39, FALSE, '2024-07-19', NULL, 2416, 8, 'Specialized'),
(40, TRUE, '2020-02-01', 47.37, 4392, 7, 'Cube'),
(41, TRUE, '2021-07-22', 77.46, 3125, 18, 'Giant'),
(42, FALSE, '2022-06-09', NULL, 8420, 13, 'Orbea'),
(43, FALSE, '2023-01-02', NULL, 7995, 25, 'Cannondale'),
(44, TRUE, '2024-05-22', 54.31, 216, 17, 'Decathlon'),
(45, TRUE, '2020-05-08', 15.67, 7257, 13, 'Giant'),
(46, FALSE, '2021-05-23', NULL, 7773, 23, 'Merida'),
(47, FALSE, '2022-08-22', NULL, 5029, 1, 'Specialized'),
(48, FALSE, '2023-04-25', NULL, 3771, 6, 'Btwin'),
(49, TRUE, '2024-04-14', 7.6, 9218, 4, 'Btwin'),
(50, TRUE, '2020-09-21', 12.51, 6149, 5, 'Scott');

INSERT INTO subscription VALUES
(1000, 94.59, '2021-05-14', FALSE, FALSE),
(1001, 87.44, '2021-04-04', TRUE, TRUE),
(1002, 64.07, '2021-12-09', FALSE, FALSE),
(1003, 34.5, '2021-06-12', TRUE, TRUE),
(1004, 32.81, '2021-11-19', TRUE, TRUE),
(1005, 76.58, '2021-07-05', TRUE, TRUE),
(1006, 70.18, '2021-12-07', TRUE, FALSE),
(1007, 98.03, '2021-05-13', TRUE, FALSE),
(1008, 92.65, '2021-12-13', TRUE, TRUE),
(1009, 69.08, '2021-08-10', TRUE, FALSE),
(1010, 84.85, '2021-08-19', FALSE, FALSE),
(1011, 26.89, '2021-01-23', TRUE, TRUE),
(1012, 51.74, '2021-09-05', FALSE, TRUE),
(1013, 25.1, '2021-05-20', TRUE, TRUE),
(1014, 35.58, '2021-10-03', FALSE, FALSE),
(1015, 41.05, '2021-03-27', FALSE, FALSE),
(1016, 78.64, '2021-05-15', FALSE, TRUE),
(1017, 87.61, '2021-11-13', TRUE, FALSE),
(1018, 75.2, '2021-01-19', TRUE, FALSE),
(1019, 98.91, '2021-03-08', TRUE, TRUE),
(1020, 97.83, '2021-09-01', FALSE, FALSE),
(1021, 57.31, '2021-03-27', FALSE, FALSE),
(1022, 43.17, '2021-09-26', TRUE, FALSE),
(1023, 31.33, '2021-10-18', TRUE, TRUE),
(1024, 75.7, '2021-04-06', TRUE, FALSE),
(1025, 72.86, '2021-04-16', FALSE, TRUE),
(1026, 70.78, '2021-06-02', FALSE, TRUE),
(1027, 59.0, '2021-04-28', TRUE, FALSE),
(1028, 75.56, '2021-11-19', TRUE, TRUE),
(1029, 42.86, '2021-07-06', TRUE, FALSE),
(1030, 86.82, '2021-03-08', TRUE, FALSE),
(1031, 59.22, '2021-01-06', FALSE, TRUE),
(1032, 24.51, '2021-12-19', FALSE, FALSE),
(1033, 26.89, '2021-08-25', TRUE, TRUE),
(1034, 55.41, '2021-05-14', FALSE, FALSE),
(1035, 99.57, '2021-10-07', FALSE, FALSE),
(1036, 92.38, '2021-10-10', FALSE, FALSE),
(1037, 63.7, '2021-12-02', FALSE, FALSE),
(1038, 20.58, '2021-08-27', FALSE, FALSE),
(1039, 24.47, '2021-06-23', FALSE, FALSE),
(1040, 98.27, '2021-12-24', TRUE, TRUE),
(1041, 85.11, '2021-04-18', FALSE, TRUE),
(1042, 81.99, '2021-08-09', TRUE, TRUE),
(1043, 98.17, '2021-04-20', TRUE, FALSE),
(1044, 42.84, '2021-02-06', TRUE, TRUE),
(1045, 20.13, '2021-04-26', FALSE, TRUE),
(1046, 21.71, '2021-01-24', TRUE, FALSE),
(1047, 54.0, '2021-01-12', TRUE, TRUE),
(1048, 74.5, '2021-05-06', TRUE, TRUE),
(1049, 35.36, '2021-08-21', FALSE, TRUE);

INSERT INTO member VALUES
('91-12-45-321-54', 'Jean', 'Dupont', 'jean.dupont@mail.com', 467123456, TRUE, 'Rue de la Gare', 12, 1000, 1000, 'Bruxelles'),
('88-04-23-112-88', 'Sophie', 'Martin', 'sophie.martin@mail.com', 472987654, FALSE, 'Avenue Louise', 45, 1001, 1020, 'Laeken'),
('94-06-15-778-95', 'Karim', 'Benali', 'karim.benali@mail.com', 479654321, TRUE, 'Rue des Fleurs', 8, 1002, 1080, 'Molenbeek'),
('97-03-28-963-77', 'Elisa', 'Moreau', 'elisa.moreau@mail.com', 465778899, FALSE, 'Boulevard Général Jacques', 102, 1003, 1030, 'Schaerbeek'),
('90-09-05-456-12', 'Luc', 'Van Damme', 'luc.vandamme@mail.com', 468223344, TRUE, 'Rue Royale', 56, 1004, 1040, 'Etterbeek'),
('93-07-19-874-33', 'Claire', 'Dubois', 'claire.dubois@mail.com', 470445566, FALSE, 'Rue des Champs', 77, 1005, 1060, 'Saint-Gilles'),
('85-01-11-654-77', 'Thomas', 'Leroy', 'thomas.leroy@mail.com', 489112233, TRUE, 'Chaussée de Mons', 34, 1006, 1000, 'Bruxelles'),
('92-10-08-221-66', 'Fatima', 'Zahra', 'fatima.zahra@mail.com', 473667788, FALSE, 'Rue du Marché', 25, 1007, 1081, 'Koekelberg'),
('89-02-14-443-99', 'Pierre', 'Lambert', 'pierre.lambert@mail.com', 466889900, TRUE, 'Rue du Canal', 18, 1008, 1070, 'Anderlecht'),
('95-11-30-999-44', 'Nadia', 'Hassan', 'nadia.hassan@mail.com', 474556677, FALSE, 'Avenue des Arts', 88, 1009, 1020, 'Laeken'),
('86-08-19-332-11', 'Hugo', 'Renard', 'hugo.renard@mail.com', 479112233, TRUE, 'Rue de la Paix', 5, 1010, 1050, 'Ixelles'),
('93-04-25-765-22', 'Isabelle', 'Colin', 'isabelle.colin@mail.com', 471998877, FALSE, 'Rue de l’Église', 64, 1011, 1080, 'Molenbeek'),
('84-06-14-122-33', 'Marc', 'Leclerc', 'marc.leclerc@mail.com', 476223344, FALSE, 'Avenue des Nations', 31, 1012, 1060, 'Saint-Gilles'),
('92-09-11-654-44', 'Anne', 'Petit', 'anne.petit@mail.com', 478556677, TRUE, 'Rue de la Poste', 9, 1013, 1040, 'Etterbeek'),
('89-12-22-987-55', 'David', 'Nguyen', 'david.nguyen@mail.com', 472334455, TRUE, 'Rue Verte', 15, 1014, 1000, 'Bruxelles'),
('87-03-17-321-66', 'Laura', 'Germain', 'laura.germain@mail.com', 468778899, FALSE, 'Rue de la Gare Centrale', 101, 1015, 1060, 'Saint-Gilles'),
('95-10-29-789-77', 'Olivier', 'Simon', 'olivier.simon@mail.com', 465556677, TRUE, 'Boulevard du Midi', 76, 1016, 1020, 'Laeken'),
('90-02-05-852-88', 'Sarah', 'De Smet', 'sarah.desmet@mail.com', 471334455, TRUE, 'Rue du Collège', 3, 1017, 1020, 'Laeken'),
('96-07-18-951-99', 'Hassan', 'Belkacem', 'hassan.belkacem@mail.com', 477112233, TRUE, 'Rue de la Liberté', 22, 1018, 1080, 'Molenbeek'),
('84-05-13-456-00', 'Julie', 'Maes', 'julie.maes@mail.com', 470889900, TRUE, 'Avenue de la Reine', 98, 1019, 1020, 'Laeken'),
('92-03-09-753-11', 'Benoît', 'Dumont', 'benoit.dumont@mail.com', 468112244, TRUE, 'Rue de la Justice', 45, 1020, 1070, 'Anderlecht'),
('94-06-21-147-22', 'Chloé', 'Masson', 'chloe.masson@mail.com', 472334466, TRUE, 'Rue des Jardins', 14, 1021, 1000, 'Bruxelles'),
('88-11-30-369-33', 'Antoine', 'Rousseau', 'antoine.rousseau@mail.com', 474778899, TRUE, 'Rue du Bois', 7, 1022, 1050, 'Ixelles'),
('87-01-14-258-44', 'Emma', 'Van Houtte', 'emma.vanhoutte@mail.com', 479556677, FALSE, 'Rue des Primevères', 11, 1023, 1080, 'Molenbeek'),
('89-05-27-369-55', 'Lucas', 'Declercq', 'lucas.declercq@mail.com', 466445566, TRUE, 'Avenue Brugmann', 33, 1024, 1081, 'Koekelberg'),
('90-04-12-753-66', 'Manon', 'Dupuis', 'manon.dupuis@mail.com', 465778899, FALSE, 'Rue de l’Abbaye', 44, 1025, 1050, 'Ixelles'),
('91-06-08-159-77', 'Romain', 'Gillet', 'romain.gillet@mail.com', 471889900, FALSE, 'Rue du Palais', 78, 1026, 1000, 'Bruxelles'),
('92-12-15-357-88', 'Adeline', 'Jacobs', 'adeline.jacobs@mail.com', 478223344, FALSE, 'Rue du Progrès', 56, 1027, 1090, 'Jette'),
('84-08-23-951-99', 'Youssef', 'Ait Lahcen', 'youssef.aitlahcen@mail.com', 470998877, FALSE, 'Rue de Flandre', 2, 1028, 1020, 'Laeken'),
('93-01-19-654-00', 'Mélanie', 'Renier', 'melanie.renier@mail.com', 473556677, TRUE, 'Rue de Namur', 36, 1029, 1050, 'Ixelles'),
('95-09-25-258-11', 'Pascal', 'Noir', 'pascal.noir@mail.com', 476445566, TRUE, 'Rue du Lion', 64, 1030, 1081, 'Koekelberg'),
('85-11-08-753-22', 'Amandine', 'Fabre', 'amandine.fabre@mail.com', 479667788, TRUE, 'Rue des Acacias', 18, 1031, 1070, 'Anderlecht'),
('97-07-15-159-33', 'Guillaume', 'Marchal', 'guillaume.marchal@mail.com', 472778899, TRUE, 'Rue de l’Espoir', 72, 1032, 1040, 'Etterbeek'),
('89-09-20-357-44', 'Laura', 'Boucher', 'laura.boucher@mail.com', 466889911, FALSE, 'Rue de la Loi', 55, 1033, 1030, 'Schaerbeek'),
('92-05-29-951-55', 'Julien', 'Delcourt', 'julien.delcourt@mail.com', 468112299, FALSE, 'Rue des Prés', 17, 1034, 1000, 'Bruxelles'),
('90-02-06-456-66', 'Valérie', 'Robert', 'valerie.robert@mail.com', 474556688, TRUE, 'Avenue de la Gare', 81, 1035, 1040, 'Etterbeek'),
('86-10-17-258-77', 'Damien', 'Dufour', 'damien.dufour@mail.com', 469223344, FALSE, 'Rue Haute', 40, 1036, 1020, 'Laeken'),
('94-04-08-753-88', 'Camille', 'Brun', 'camille.brun@mail.com', 470334455, FALSE, 'Rue de la Ferme', 60, 1037, 1000, 'Bruxelles'),
('85-06-12-159-99', 'Mathieu', 'Adam', 'mathieu.adam@mail.com', 478889900, FALSE, 'Rue de la Croix', 26, 1038, 1070, 'Anderlecht'),
('96-11-22-357-00', 'Sabrina', 'Fontaine', 'sabrina.fontaine@mail.com', 471223355, FALSE, 'Rue du Mont', 37, 1039, 1000, 'Bruxelles'),
('92-09-14-951-11', 'Hélène', 'Georges', 'helene.georges@mail.com', 476334466, FALSE, 'Rue du Port', 12, 1040, 1020, 'Laeken'),
('88-07-19-456-22', 'Quentin', 'Marechal', 'quentin.marechal@mail.com', 474445577, FALSE, 'Rue des Peupliers', 48, 1041, 1081, 'Koekelberg'),
('89-12-02-258-33', 'Céline', 'Riga', 'celine.riga@mail.com', 469556688, TRUE, 'Rue des Lilas', 16, 1042, 1040, 'Etterbeek'),
('87-05-27-753-44', 'Adrien', 'Paquet', 'adrien.paquet@mail.com', 465667799, FALSE, 'Rue du Parc', 29, 1043, 1090, 'Jette'),
('91-03-15-159-55', 'Léa', 'Delvaux', 'lea.delvaux@mail.com', 472778899, FALSE, 'Rue du Moulin', 41, 1044, 1090, 'Jette'),
('95-08-11-357-66', 'Vincent', 'Colson', 'vincent.colson@mail.com', 470889922, FALSE, 'Rue de l’Hôpital', 50, 1045, 1070, 'Anderlecht'),
('86-01-28-951-77', 'Amélie', 'Santos', 'amelie.santos@mail.com', 469223355, TRUE, 'Rue du Stade', 14, 1046, 1070, 'Anderlecht'),
('94-10-06-456-88', 'Nicolas', 'Bosman', 'nicolas.bosman@mail.com', 478334455, TRUE, 'Rue du Château', 65, 1047, 1090, 'Jette'),
('89-02-19-258-99', 'Mireille', 'Vermeulen', 'mireille.vermeulen@mail.com', 465778822, TRUE, 'Rue des Écoles', 33, 1048, 1070, 'Anderlecht'),
('93-12-30-753-00', 'Patrice', 'Hubert', 'patrice.hubert@mail.com', 471445566, FALSE, 'Rue de l’Industrie', 19, 1049, 1050, 'Ixelles');

INSERT INTO rental VALUES
(1, '2023-02-11', '2023-02-13', 'Commentaire 0', TRUE, 1, 1000),
(2, '2023-04-17', '2023-04-18', 'Commentaire 1', FALSE, 2, 1001),
(3, '2023-02-02', '2023-02-11', 'Commentaire 2', TRUE, 3, 1002),
(4, '2023-06-13', '2023-06-23', 'Commentaire 3', TRUE, 4, 1003),
(5, '2023-05-01', '2023-05-08', 'Commentaire 4', FALSE, 5, 1004),
(6, '2023-06-04', '2023-06-11', 'Commentaire 5', FALSE, 6, 1005),
(7, '2023-09-11', '2023-09-12', 'Commentaire 6', TRUE, 7, 1006),
(8, '2023-10-08', '2023-10-11', 'Commentaire 7', TRUE, 8, 1007),
(9, '2023-10-11', '2023-10-21', 'Commentaire 8', FALSE, 9, 1008),
(10, '2023-09-09', '2023-09-10', 'Commentaire 9', TRUE, 10, 1009),
(11, '2023-12-09', '2023-12-10', 'Commentaire 10', TRUE, 11, 1010),
(12, '2023-02-25', '2023-03-01', 'Commentaire 11', TRUE, 12, 1011),
(13, '2023-10-01', '2023-10-04', 'Commentaire 12', TRUE, 13, 1012),
(14, '2023-12-03', '2023-12-11', 'Commentaire 13', FALSE, 14, 1013),
(15, '2023-02-16', '2023-02-20', 'Commentaire 14', FALSE, 15, 1014),
(16, '2023-07-12', '2023-07-13', 'Commentaire 15', FALSE, 16, 1015),
(17, '2023-11-16', '2023-11-26', 'Commentaire 16', TRUE, 17, 1016),
(18, '2023-12-02', '2023-12-04', 'Commentaire 17', FALSE, 18, 1017),
(19, '2023-04-04', '2023-04-09', 'Commentaire 18', TRUE, 19, 1018),
(20, '2023-07-19', '2023-07-25', 'Commentaire 19', FALSE, 20, 1019),
(21, '2023-08-22', '2023-08-28', 'Commentaire 20', FALSE, 21, 1020),
(22, '2023-04-02', '2023-04-10', 'Commentaire 21', TRUE, 22, 1021),
(23, '2023-06-22', '2023-07-01', 'Commentaire 22', FALSE, 23, 1022),
(24, '2023-11-13', '2023-11-14', 'Commentaire 23', TRUE, 24, 1023),
(25, '2023-04-05', '2023-04-12', 'Commentaire 24', TRUE, 25, 1024),
(26, '2023-01-17', '2023-01-21', 'Commentaire 25', FALSE, 26, 1025),
(27, '2023-10-10', '2023-10-19', 'Commentaire 26', TRUE, 27, 1026),
(28, '2023-02-24', '2023-03-01', 'Commentaire 27', FALSE, 28, 1027),
(29, '2023-03-16', '2023-03-19', 'Commentaire 28', FALSE, 29, 1028),
(30, '2023-05-08', '2023-05-11', 'Commentaire 29', FALSE, 30, 1029),
(31, '2023-04-14', '2023-04-17', 'Commentaire 30', FALSE, 31, 1030),
(32, '2023-12-14', '2023-12-21', 'Commentaire 31', FALSE, 32, 1031),
(33, '2023-08-24', '2023-08-26', 'Commentaire 32', TRUE, 33, 1032),
(34, '2023-05-04', '2023-05-09', 'Commentaire 33', FALSE, 34, 1033),
(35, '2023-04-16', '2023-04-18', 'Commentaire 34', FALSE, 35, 1034),
(36, '2023-02-24', '2023-03-01', 'Commentaire 35', FALSE, 36, 1035),
(37, '2023-05-15', '2023-05-21', 'Commentaire 36', FALSE, 37, 1036),
(38, '2023-12-21', '2023-12-23', 'Commentaire 37', FALSE, 38, 1037),
(39, '2023-05-15', '2023-05-19', 'Commentaire 38', TRUE, 39, 1038),
(40, '2023-11-14', '2023-11-16', 'Commentaire 39', TRUE, 40, 1039),
(41, '2023-01-13', '2023-01-17', 'Commentaire 40', FALSE, 41, 1040),
(42, '2023-06-16', '2023-06-20', 'Commentaire 41', FALSE, 42, 1041),
(43, '2023-04-09', '2023-04-15', 'Commentaire 42', TRUE, 43, 1042),
(44, '2023-09-15', '2023-09-21', 'Commentaire 43', TRUE, 44, 1043),
(45, '2023-08-07', '2023-08-08', 'Commentaire 44', FALSE, 45, 1044),
(46, '2023-03-18', '2023-03-26', 'Commentaire 45', TRUE, 46, 1045),
(47, '2023-05-08', '2023-05-17', 'Commentaire 46', FALSE, 47, 1046),
(48, '2023-04-12', '2023-04-21', 'Commentaire 47', FALSE, 48, 1047),
(49, '2023-07-04', '2023-07-08', 'Commentaire 48', FALSE, 49, 1048),
(50, '2023-11-01', '2023-11-07', 'Commentaire 49', FALSE, 50, 1049);

INSERT INTO repair_status VALUES
('À faire'),
('Terminé');

INSERT INTO mechanic VALUES
(500, 'Julien', 'Renard', 'julien.renard@velo.com', 471785762),
(501, 'Isabelle', 'Colin', 'isabelle.colin@velo.com', 447381364),
(502, 'Marc', 'Leclerc', 'marc.leclerc@velo.com', 410689085),
(503, 'Anne', 'Petit', 'anne.petit@velo.com', 497048870),
(504, 'David', 'Nguyen', 'david.nguyen@velo.com', 495907991),
(505, 'Laura', 'Germain', 'laura.germain@velo.com', 438159026),
(506, 'Olivier', 'Simon', 'olivier.simon@velo.com', 472423572),
(507, 'Sarah', 'De Smet', 'sarah.desmet@velo.com', 424477341),
(508, 'Hugo', 'Marchand', 'hugo.marchand@velo.com', 463415743),
(509, 'Emma', 'Van Houtte', 'emma.vanhoutte@velo.com', 463012669),
(510, 'Benoît', 'Dumont', 'benoit.dumont@velo.com', 486581487),
(511, 'Chloé', 'Masson', 'chloe.masson@velo.com', 448840235),
(512, 'Antoine', 'Rousseau', 'antoine.rousseau@velo.com', 480842654),
(513, 'Julie', 'Maes', 'julie.maes@velo.com', 428608372),
(514, 'Thomas', 'Declercq', 'thomas.declercq@velo.com', 441737544);

INSERT INTO repair VALUES
(1, 91.17, '2024-11-14', 'Terminé', 14, 500),
(2, 125.74, '2024-03-27', 'À faire', 36, 501),
(3, 29.23, '2024-04-21', 'Terminé', 3, 502),
(4, 148.19, '2024-11-02', 'Terminé', 37, 504),
(5, 45.8, '2024-05-09', 'Terminé', 12, 503),
(6, 44.28, '2024-09-27', 'Terminé', 50, 507),
(7, 194.34, '2024-07-24', 'À faire', 10, 505),
(8, 116.46, '2024-07-01', 'À faire', 41, 511),
(9, 45.75, '2024-06-05', 'À faire', 46, 513),
(10, 173.57, '2024-07-04', 'À faire', 17, 503),
(11, 169.06, '2024-02-24', 'À faire', 38, 501),
(12, 175.56, '2024-04-12', 'Terminé', 45, 502),
(13, 129.88, '2024-02-28', 'À faire', 49, 500),
(14, 110.8, '2024-11-01', 'À faire', 50, 506),
(15, 117.11, '2024-05-18', 'Terminé', 7, 506),
(16, 118.99, '2024-07-15', 'À faire', 36, 504),
(17, 76.21, '2024-01-12', 'Terminé', 1, 508),
(18, 88.57, '2024-11-03', 'Terminé', 28, 506),
(19, 14.79, '2024-01-22', 'Terminé', 44, 504),
(20, 69.03, '2024-01-21', 'Terminé', 10, 503),
(21, 163.72, '2024-11-16', 'À faire', 49, 508),
(22, 53.44, '2024-05-19', 'Terminé', 31, 504),
(23, 11.68, '2024-05-11', 'Terminé', 34, 512),
(24, 33.23, '2024-02-06', 'Terminé', 42, 501),
(25, 109.68, '2024-03-07', 'Terminé', 24, 505),
(26, 56.91, '2024-09-16', 'Terminé', 16, 508),
(27, 124.14, '2024-03-01', 'Terminé', 28, 503),
(28, 63.28, '2024-03-11', 'À faire', 36, 501),
(29, 143.31, '2024-02-09', 'À faire', 20, 501),
(30, 144.75, '2024-11-14', 'À faire', 25, 509),
(31, 88.67, '2024-07-09', 'À faire', 43, 509),
(32, 134.84, '2024-05-16', 'À faire', 23, 503),
(33, 33.18, '2024-06-03', 'Terminé', 9, 505),
(34, 148.56, '2024-08-18', 'À faire', 11, 508),
(35, 142.22, '2024-07-21', 'Terminé', 36, 501),
(36, 89.37, '2024-03-09', 'À faire', 28, 506),
(37, 54.52, '2024-07-01', 'Terminé', 44, 503),
(38, 145.23, '2024-06-22', 'À faire', 48, 501),
(39, 56.57, '2024-05-27', 'Terminé', 37, 501),
(40, 130.57, '2024-09-21', 'À faire', 29, 502),
(41, 197.0, '2024-05-08', 'Terminé', 3, 500),
(42, 123.49, '2024-07-15', 'À faire', 5, 500),
(43, 142.72, '2024-11-01', 'À faire', 3, 501),
(44, 77.65, '2024-01-13', 'À faire', 6, 501),
(45, 63.88, '2024-03-14', 'Terminé', 22, 504),
(46, 121.47, '2024-03-19', 'Terminé', 5, 506),
(47, 175.96, '2024-06-19', 'À faire', 15, 504),
(48, 139.69, '2024-05-06', 'À faire', 5, 505),
(49, 62.18, '2024-04-05', 'À faire', 6, 505),
(50, 117.68, '2024-03-25', 'À faire', 21, 505);
